{
  "project_info": {
    "project_number": "798459417971",
    "firebase_url": "https://androidhive-da5bf.firebaseio.com",
    "project_id": "androidhive-da5bf",
    "storage_bucket": "androidhive-da5bf.appspot.com"
  },
  "client": [
    {
      "client_info": {
        "mobilesdk_app_id": "1:798459417971:android:2212686f2d53c513bce106",
        "android_client_info": {
          "package_name": "info.androidhive.firebase"
        }
      },
      "oauth_client": [
        {
          "client_id": "798459417971-ieq3in7jummktjs9vr437pal269mgep5.apps.googleusercontent.com",
          "client_type": 3
        }
      ],
      "api_key": [
        {
          "current_key": "AIzaSyD3iZfdTkc05UXrV6GNrA6JNWshF7afROQ"
        }
      ],
      "services": {
        "appinvite_service": {
          "other_platform_oauth_client": [
            {
              "client_id": "798459417971-ieq3in7jummktjs9vr437pal269mgep5.apps.googleusercontent.com",
              "client_type": 3
            }
          ]
        }
      }
    }
  ],
  "configuration_version": "1"
}